{"cameraMode":{"drawMode":0,"name":"Shaded","section":"Shading Mode"},"sceneLighting":false,"audioPlay":false,"sceneViewState":{"m_AlwaysRefresh":true,"showFog":true,"showSkybox":true,"showFlares":true,"showImageEffects":true,"showParticleSystems":true,"showVisualEffectGraphs":true,"m_FxEnabled":true},"in2DMode":false,"pivot":{"x":25.11850357055664,"y":0.9558086395263672,"z":26.174728393554689},"rotation":{"x":0.18522821366786958,"y":0.3521246016025543,"z":-0.07130302488803864,"w":0.914642333984375},"size":7.9435906410217289,"orthographic":false}