{"cameraMode":{"drawMode":0,"name":"Shaded","section":"Shading Mode"},"sceneLighting":false,"audioPlay":false,"sceneViewState":{"m_AlwaysRefresh":true,"showFog":true,"showSkybox":true,"showFlares":true,"showImageEffects":true,"showParticleSystems":true,"showVisualEffectGraphs":true,"m_FxEnabled":true},"in2DMode":false,"pivot":{"x":25.118242263793947,"y":3.3046605587005617,"z":27.20884132385254},"rotation":{"x":0.11434753984212876,"y":0.3356788158416748,"z":-0.04108789190649986,"w":0.9340813159942627},"size":7.9435906410217289,"orthographic":false}