{"cameraMode":{"drawMode":0,"name":"Shaded","section":"Shading Mode"},"sceneLighting":false,"audioPlay":false,"sceneViewState":{"m_AlwaysRefresh":true,"showFog":true,"showSkybox":true,"showFlares":true,"showImageEffects":true,"showParticleSystems":true,"showVisualEffectGraphs":true,"m_FxEnabled":true},"in2DMode":false,"pivot":{"x":25.09589385986328,"y":3.1660616397857668,"z":27.181758880615236},"rotation":{"x":0.11854977905750275,"y":0.33549055457115176,"z":-0.042597897350788119,"w":0.9335573315620422},"size":7.9435906410217289,"orthographic":false}