{"cameraMode":{"drawMode":0,"name":"Shaded","section":"Shading Mode"},"sceneLighting":false,"audioPlay":false,"sceneViewState":{"m_AlwaysRefresh":true,"showFog":true,"showSkybox":true,"showFlares":true,"showImageEffects":true,"showParticleSystems":true,"showVisualEffectGraphs":true,"m_FxEnabled":true},"in2DMode":false,"pivot":{"x":-1.1634879112243653,"y":0.4645764231681824,"z":0.86869215965271},"rotation":{"x":0.11224666982889176,"y":0.8840345144271851,"z":-0.2749234437942505,"w":0.36090871691703799},"size":0.8660253882408142,"orthographic":false}