{"cameraMode":{"drawMode":0,"name":"Shaded","section":"Shading Mode"},"sceneLighting":false,"audioPlay":false,"sceneViewState":{"m_AlwaysRefresh":true,"showFog":true,"showSkybox":true,"showFlares":true,"showImageEffects":true,"showParticleSystems":true,"showVisualEffectGraphs":true,"m_FxEnabled":true},"in2DMode":false,"pivot":{"x":25.088726043701173,"y":3.5827784538269045,"z":27.319034576416017},"rotation":{"x":0.10604990273714066,"y":0.3332282304763794,"z":-0.03774743154644966,"w":0.9360764622688294},"size":7.9435906410217289,"orthographic":false}