{"cameraMode":{"drawMode":0,"name":"Shaded","section":"Shading Mode"},"sceneLighting":false,"audioPlay":false,"sceneViewState":{"m_AlwaysRefresh":true,"showFog":true,"showSkybox":true,"showFlares":true,"showImageEffects":true,"showParticleSystems":true,"showVisualEffectGraphs":true,"m_FxEnabled":true},"in2DMode":false,"pivot":{"x":24.632902145385743,"y":2.981764793395996,"z":27.487781524658204},"rotation":{"x":0.12493184208869934,"y":0.31838470697402956,"z":-0.04236811399459839,"w":0.938711941242218},"size":7.9435906410217289,"orthographic":false}