{"cameraMode":{"drawMode":0,"name":"Shaded","section":"Shading Mode"},"sceneLighting":false,"audioPlay":false,"sceneViewState":{"m_AlwaysRefresh":true,"showFog":true,"showSkybox":true,"showFlares":true,"showImageEffects":true,"showParticleSystems":true,"showVisualEffectGraphs":true,"m_FxEnabled":true},"in2DMode":false,"pivot":{"x":28.287261962890626,"y":5.319823265075684,"z":24.292007446289064},"rotation":{"x":0.05072572082281113,"y":0.4636603593826294,"z":-0.02659912221133709,"w":0.884132444858551},"size":7.9435906410217289,"orthographic":false}