{"cameraMode":{"drawMode":0,"name":"Shaded","section":"Shading Mode"},"sceneLighting":false,"audioPlay":false,"sceneViewState":{"m_AlwaysRefresh":true,"showFog":true,"showSkybox":true,"showFlares":true,"showImageEffects":true,"showParticleSystems":true,"showVisualEffectGraphs":true,"m_FxEnabled":true},"in2DMode":false,"pivot":{"x":28.354032516479493,"y":9.5481538772583,"z":24.05187225341797},"rotation":{"x":-0.06714247167110443,"y":0.46968474984169009,"z":0.035852402448654178,"w":0.8795192241668701},"size":7.9435906410217289,"orthographic":false}